                  epoch,         train/box_loss,         train/cls_loss,         train/dfl_loss,   metrics/precision(B),      metrics/recall(B),       metrics/mAP50(B),    metrics/mAP50-95(B),           val/box_loss,           val/cls_loss,           val/dfl_loss,                 lr/pg0,                 lr/pg1,                 lr/pg2
                      1,                 2.5767,                 5.1826,                 2.0673,                      0,                      0,                      0,                      0,                 2.5861,                  6.021,                 2.2677,                      0,                      0,                      0
                      2,                  2.684,                 5.2323,                  2.137,                      0,                      0,                      0,                      0,                 2.5835,                 5.9877,                  2.266,             2.6213e-06,             2.6213e-06,             2.6213e-06
                      3,                 2.6084,                 5.2741,                 2.0189,                      0,                      0,                      0,                      0,                 2.5674,                  5.941,                 2.2566,             5.2253e-06,             5.2253e-06,             5.2253e-06
                      4,                 2.4879,                 5.1705,                 2.0134,                 0.0021,                0.00735,                0.00183,                0.00018,                 2.5387,                 5.8909,                 2.2403,             7.8119e-06,             7.8119e-06,             7.8119e-06
                      5,                 2.4565,                 5.1048,                 2.0041,                0.00245,                0.00735,                0.00183,                0.00018,                 2.4913,                 5.8341,                 2.2093,             1.0381e-05,             1.0381e-05,             1.0381e-05
                      6,                  2.535,                 5.1212,                 1.9796,                0.00294,                0.00735,                0.00202,                 0.0002,                 2.4464,                 5.7831,                 2.1764,             1.2933e-05,             1.2933e-05,             1.2933e-05
                      7,                  2.426,                 5.0834,                 1.9198,                0.00294,                0.00735,                0.00192,                0.00019,                 2.4095,                  5.733,                 2.1433,             1.5468e-05,             1.5468e-05,             1.5468e-05
                      8,                 2.3188,                 4.9549,                 1.8521,                0.00294,                0.00735,                0.00192,                0.00019,                 2.3918,                  5.654,                 2.1018,             1.7985e-05,             1.7985e-05,             1.7985e-05
                      9,                 2.2864,                 4.8269,                 1.7378,                0.00327,                0.00735,                0.00204,                0.00041,                 2.3796,                 5.5521,                 2.0763,             2.0485e-05,             2.0485e-05,             2.0485e-05
                     10,                  2.105,                 4.7199,                 1.7017,                0.00368,                0.00735,                 0.0023,                0.00046,                 2.3338,                 5.4427,                  2.048,             2.2967e-05,             2.2967e-05,             2.2967e-05
                     11,                 1.8825,                 4.6792,                 1.5361,                0.01029,                0.01471,                0.01232,                 0.0027,                 2.3133,                 5.2997,                 2.0063,             2.5432e-05,             2.5432e-05,             2.5432e-05
                     12,                 1.9246,                 4.5457,                 1.5208,                 0.0098,                0.01471,                0.01196,                0.00278,                 2.2928,                 5.1307,                 1.9744,              2.788e-05,              2.788e-05,              2.788e-05
                     13,                 1.8147,                 4.3426,                 1.5066,                0.00458,                0.01471,                0.00975,                0.00307,                 2.2923,                 4.9191,                   1.93,              3.031e-05,              3.031e-05,              3.031e-05
                     14,                 1.7756,                 4.3361,                 1.4307,                0.63393,                0.00735,                0.00958,                0.00319,                 2.2452,                  4.715,                 1.8647,             3.2723e-05,             3.2723e-05,             3.2723e-05
                     15,                 1.6467,                  4.106,                  1.359,                0.44963,                0.01471,                0.01747,                0.00667,                 2.1519,                 4.5223,                 1.7812,             3.5119e-05,             3.5119e-05,             3.5119e-05
                     16,                  1.628,                 4.0623,                 1.3512,                0.65903,                0.01471,                0.00889,                0.00399,                 2.0544,                  4.333,                 1.6949,             3.7497e-05,             3.7497e-05,             3.7497e-05
                     17,                 1.6283,                 3.9907,                 1.3061,                0.00748,                0.07794,                0.01256,                 0.0054,                 1.9786,                  4.205,                 1.6149,             3.9858e-05,             3.9858e-05,             3.9858e-05
                     18,                   1.58,                 3.7884,                  1.311,                0.21968,                0.08284,                0.01584,                 0.0074,                 1.9441,                 4.1368,                 1.5712,             4.2202e-05,             4.2202e-05,             4.2202e-05
                     19,                 1.5251,                 3.5646,                 1.2861,                0.22679,                0.10588,                0.02023,                0.01035,                 1.9377,                 4.1677,                  1.556,             4.4528e-05,             4.4528e-05,             4.4528e-05
                     20,                 1.5734,                 3.4685,                 1.2931,                0.18111,                0.11823,                0.03541,                0.01968,                 1.9122,                 4.2892,                 1.5398,             4.6837e-05,             4.6837e-05,             4.6837e-05
                     21,                 1.4856,                 3.3347,                 1.2328,                0.18955,                0.11499,                0.04783,                0.02667,                 1.9374,                 4.3675,                 1.5502,             4.9128e-05,             4.9128e-05,             4.9128e-05
                     22,                 1.4542,                 3.2879,                  1.185,                0.29276,                 0.0989,                0.06889,                0.03411,                 1.9392,                 4.3949,                 1.5655,             5.1403e-05,             5.1403e-05,             5.1403e-05
                     23,                 1.5119,                 3.1095,                 1.1901,                0.50933,                0.08584,                0.08872,                0.04385,                 1.9767,                 4.3414,                 1.5885,             5.3659e-05,             5.3659e-05,             5.3659e-05
                     24,                 1.4873,                  2.932,                 1.2341,                0.48883,                0.10216,                0.11551,                0.06271,                 1.9567,                  4.291,                 1.5826,             5.5899e-05,             5.5899e-05,             5.5899e-05
                     25,                 1.3326,                 2.7716,                 1.1625,                0.43183,                0.11435,                0.12221,                0.06359,                 2.0274,                 4.2553,                 1.6182,             5.8121e-05,             5.8121e-05,             5.8121e-05
                     26,                 1.3706,                 2.6656,                 1.1557,                0.47598,                0.12353,                0.13611,                0.07099,                 2.0953,                 4.0796,                 1.6532,             6.0326e-05,             6.0326e-05,             6.0326e-05
                     27,                  1.268,                 2.5511,                 1.1289,                0.37806,                 0.1951,                0.15025,                0.08176,                 2.1012,                 3.9692,                 1.6579,             6.2513e-05,             6.2513e-05,             6.2513e-05
                     28,                 1.4342,                 2.4997,                 1.2095,                0.17246,                 0.2928,                0.16469,                0.08838,                 2.1025,                 3.9413,                 1.6552,             6.4683e-05,             6.4683e-05,             6.4683e-05
                     29,                   1.36,                  2.358,                 1.1552,                0.38564,                0.21381,                0.18228,                0.09627,                  2.068,                 4.0039,                 1.6124,             6.6836e-05,             6.6836e-05,             6.6836e-05
                     30,                 1.2937,                 2.2698,                 1.1755,                 0.3801,                0.22298,                0.19307,                0.10426,                 2.0174,                 3.8421,                 1.5668,             6.8971e-05,             6.8971e-05,             6.8971e-05
                     31,                 1.2976,                 2.2163,                 1.1237,                0.36776,                0.25735,                0.22064,                0.12215,                 1.9795,                 3.5582,                 1.5298,             7.1089e-05,             7.1089e-05,             7.1089e-05
                     32,                 1.3534,                 2.1751,                   1.17,                0.42787,                0.30662,                0.25381,                0.13644,                 1.9458,                 3.2683,                 1.5028,             7.3189e-05,             7.3189e-05,             7.3189e-05
                     33,                 1.3312,                  2.073,                 1.1355,                0.49308,                0.30679,                0.27537,                0.14811,                 1.9325,                 3.1267,                 1.4924,             7.5273e-05,             7.5273e-05,             7.5273e-05
                     34,                 1.2785,                 1.9785,                 1.1113,                0.54897,                0.31741,                0.29345,                  0.147,                 1.9178,                 3.0508,                 1.4802,             7.7339e-05,             7.7339e-05,             7.7339e-05
                     35,                 1.2558,                 1.9947,                 1.0742,                0.51015,                0.32632,                0.30074,                0.14872,                 1.9021,                 2.9788,                 1.4721,             7.9387e-05,             7.9387e-05,             7.9387e-05
                     36,                 1.3401,                 1.9219,                 1.1502,                0.40129,                0.33996,                0.30954,                0.15399,                 1.8951,                 2.8783,                 1.4807,             8.1418e-05,             8.1418e-05,             8.1418e-05
                     37,                 1.2402,                 1.8859,                 1.1098,                0.35767,                0.33099,                0.32042,                 0.1706,                 1.9075,                 2.7403,                 1.5009,             8.3432e-05,             8.3432e-05,             8.3432e-05
                     38,                 1.3043,                 1.8232,                 1.1387,                0.28275,                0.33092,                0.28974,                0.16275,                 1.9351,                 2.5794,                 1.5199,             8.5428e-05,             8.5428e-05,             8.5428e-05
                     39,                 1.1762,                  1.691,                 1.0811,                0.36867,                 0.3112,                0.29417,                0.16806,                 1.9241,                 2.5225,                 1.5155,             8.7408e-05,             8.7408e-05,             8.7408e-05
                     40,                 1.2434,                 1.7662,                 1.1128,                0.40274,                0.32126,                0.32413,                0.18217,                 1.8879,                 2.5656,                 1.4988,             8.9369e-05,             8.9369e-05,             8.9369e-05
                     41,                 1.2527,                 1.6919,                 1.1005,                0.31868,                0.35661,                0.33355,                0.18916,                 1.8883,                 2.5935,                 1.4859,             9.1314e-05,             9.1314e-05,             9.1314e-05
                     42,                 1.2464,                 1.6326,                 1.0885,                0.70915,                0.26002,                0.36283,                 0.1943,                 1.8832,                 2.5174,                 1.4709,             9.3241e-05,             9.3241e-05,             9.3241e-05
                     43,                 1.2646,                 1.6207,                 1.0903,                0.64997,                0.28364,                0.37899,                0.20052,                 1.8994,                 2.4197,                 1.4789,              9.515e-05,              9.515e-05,              9.515e-05
                     44,                 1.2168,                 1.5612,                 1.1039,                0.72107,                0.29073,                0.40356,                0.21219,                   1.93,                 2.2421,                 1.5063,             9.7043e-05,             9.7043e-05,             9.7043e-05
                     45,                 1.2031,                 1.5209,                 1.0968,                0.39296,                0.36848,                0.37179,                0.20672,                 1.9815,                    2.1,                 1.5494,             9.8917e-05,             9.8917e-05,             9.8917e-05
                     46,                 1.1723,                 1.4261,                 1.0783,                0.56581,                0.32183,                0.37227,                0.20646,                 2.0087,                 2.0627,                  1.575,             0.00010078,             0.00010078,             0.00010078
                     47,                 1.2652,                 1.5107,                 1.1152,                0.46565,                0.34853,                0.37684,                0.20981,                 2.0033,                 2.0524,                 1.5826,             0.00010262,             0.00010262,             0.00010262
                     48,                 1.1841,                 1.3657,                 1.0904,                0.43044,                0.39516,                0.40051,                0.22638,                 1.9478,                 1.9883,                 1.5518,             0.00010444,             0.00010444,             0.00010444
                     49,                 1.1646,                 1.3445,                 1.0543,                0.56411,                0.37828,                0.43025,                0.24443,                 1.8878,                  1.958,                 1.5053,             0.00010624,             0.00010624,             0.00010624
                     50,                 1.2006,                 1.3519,                 1.1161,                0.47505,                0.44782,                0.47099,                0.25706,                 1.8558,                 1.8679,                  1.466,             0.00010803,             0.00010803,             0.00010803
                     51,                 1.1591,                  1.266,                  1.067,                0.53256,                0.45907,                0.50041,                0.26811,                 1.8222,                 1.7926,                 1.4609,              0.0001098,              0.0001098,              0.0001098
                     52,                 1.1868,                 1.2968,                 1.0726,                0.55772,                0.44346,                0.48951,                0.27115,                  1.869,                  1.744,                 1.4973,             0.00011156,             0.00011156,             0.00011156
                     53,                 1.0745,                 1.2103,                 1.0294,                0.56162,                 0.4209,                0.47304,                0.26384,                 1.9283,                 1.7969,                 1.5475,             0.00011329,             0.00011329,             0.00011329
                     54,                 1.1372,                 1.2401,                 1.0679,                0.59589,                0.39097,                0.44188,                0.26507,                 1.9378,                 1.7746,                 1.5876,             0.00011501,             0.00011501,             0.00011501
                     55,                 1.1186,                 1.1671,                 1.0407,                 0.5592,                0.42195,                0.46027,                0.27396,                 1.9294,                 1.7616,                 1.5681,             0.00011671,             0.00011671,             0.00011671
                     56,                 1.1892,                 1.1719,                 1.0701,                0.54154,                 0.4302,                0.47322,                0.27483,                 1.9292,                 1.6965,                 1.5478,              0.0001184,              0.0001184,              0.0001184
                     57,                 1.1529,                 1.1707,                 1.0857,                0.48693,                0.49734,                0.50601,                0.28306,                 1.8954,                 1.6618,                 1.5284,             0.00012006,             0.00012006,             0.00012006
                     58,                 1.0991,                 1.1285,                 1.0541,                0.52371,                0.49749,                0.50462,                0.28009,                 1.9154,                 1.6389,                 1.5439,             0.00012171,             0.00012171,             0.00012171
                     59,                 1.0634,                 1.1937,                 1.0055,                0.57459,                0.48168,                0.52483,                0.28711,                 1.9194,                 1.6127,                 1.5459,             0.00012334,             0.00012334,             0.00012334
                     60,                 1.0514,                 1.0643,                 1.0428,                0.62267,                0.48201,                0.53657,                0.29073,                 1.9102,                 1.5582,                 1.5505,             0.00012496,             0.00012496,             0.00012496
                     61,                 1.0436,                  1.071,                 1.0173,                0.59507,                0.50287,                0.54033,                0.29416,                 1.8955,                 1.5292,                 1.5369,             0.00012656,             0.00012656,             0.00012656
                     62,                 1.1178,                 1.1133,                 1.0758,                0.65258,                0.45072,                0.53693,                0.29825,                 1.9103,                 1.5091,                 1.5472,             0.00012814,             0.00012814,             0.00012814
                     63,                 1.0539,                 1.0666,                 1.0233,                0.57321,                 0.4991,                0.52903,                0.29628,                 1.9349,                 1.5291,                 1.5763,              0.0001297,              0.0001297,              0.0001297
                     64,                 1.0262,                 1.0617,                 1.0293,                0.51446,                0.49954,                0.50878,                0.28779,                 1.9286,                 1.5639,                  1.598,             0.00013124,             0.00013124,             0.00013124
                     65,                 1.0285,                 1.0875,                 0.9995,                0.68432,                0.38931,                0.49387,                0.28439,                  1.937,                 1.5741,                  1.622,             0.00013277,             0.00013277,             0.00013277
                     66,                0.98191,                  1.005,                 1.0049,                0.54459,                0.46751,                0.50918,                0.28651,                 1.9402,                 1.5642,                  1.627,             0.00013428,             0.00013428,             0.00013428
                     67,                      1,                 0.9588,                 1.0111,                0.52103,                0.45264,                0.49072,                0.27762,                 1.9486,                 1.5173,                   1.63,             0.00013577,             0.00013577,             0.00013577
                     68,                 1.0156,                0.97635,                 1.0045,                 0.5761,                 0.4597,                0.51495,                0.28718,                 1.9726,                 1.4851,                 1.6406,             0.00013725,             0.00013725,             0.00013725
                     69,                 1.0071,                 0.9668,                 1.0285,                0.64865,                0.43402,                0.50151,                0.28304,                 1.9703,                  1.466,                 1.6388,             0.00013871,             0.00013871,             0.00013871
                     70,                 1.0018,                0.95537,                 1.0274,                0.60959,                0.45435,                0.50698,                0.29159,                 1.9382,                  1.479,                 1.6254,             0.00014015,             0.00014015,             0.00014015
                     71,                 1.0219,                0.97207,                 1.0034,                0.65656,                0.46259,                 0.5176,                0.28395,                 1.9186,                  1.531,                 1.6299,             0.00014157,             0.00014157,             0.00014157
                     72,                0.96565,                0.93006,                 1.0085,                0.61446,                0.46842,                0.51809,                0.28786,                 1.9002,                 1.5243,                 1.6413,             0.00014298,             0.00014298,             0.00014298
                     73,                 1.0067,                0.93428,                 1.0029,                0.70073,                0.45455,                0.53148,                0.28897,                 1.9207,                 1.4892,                 1.6686,             0.00014437,             0.00014437,             0.00014437
                     74,                 1.0034,                0.91396,                 1.0164,                0.66306,                0.49372,                0.54643,                0.29418,                 1.9661,                 1.4474,                 1.6935,             0.00014574,             0.00014574,             0.00014574
                     75,                0.92786,                0.84364,                0.99348,                0.70131,                0.45059,                0.52545,                0.28572,                 1.9713,                 1.4405,                 1.6754,             0.00014709,             0.00014709,             0.00014709
                     76,                0.90835,                0.83912,                0.99764,                0.70196,                0.44317,                0.50566,                0.28529,                 1.9752,                 1.4555,                 1.6774,             0.00014843,             0.00014843,             0.00014843
                     77,                0.95764,                0.86267,                0.98978,                0.66453,                 0.4548,                0.49937,                0.28963,                 1.9822,                 1.4843,                   1.69,             0.00014975,             0.00014975,             0.00014975
                     78,                  1.014,                  0.866,                 1.0076,                 0.7384,                 0.4358,                0.52438,                0.28424,                 1.9723,                 1.4976,                 1.6724,             0.00015105,             0.00015105,             0.00015105
                     79,                 0.9421,                0.87362,                0.98027,                0.77281,                0.46961,                0.55878,                0.29417,                 1.9595,                 1.4407,                 1.6634,             0.00015234,             0.00015234,             0.00015234
                     80,                0.96471,                0.82277,                 1.0128,                0.68163,                0.48428,                0.53894,                0.29124,                 1.9402,                 1.4288,                 1.6763,              0.0001536,              0.0001536,              0.0001536
                     81,                0.93822,                 0.8135,                0.98189,                0.66714,                 0.4555,                0.51015,                0.28766,                 1.9427,                 1.4213,                  1.709,             0.00015485,             0.00015485,             0.00015485
                     82,                0.91747,                0.79848,                0.97611,                0.65755,                0.47508,                 0.5179,                0.28969,                 1.9106,                  1.408,                 1.6753,             0.00015609,             0.00015609,             0.00015609
                     83,                0.90216,                0.76719,                0.97842,                0.70694,                0.45281,                0.52694,                0.29492,                  1.895,                 1.4183,                 1.6352,              0.0001573,              0.0001573,              0.0001573
                     84,                0.87661,                0.78256,                0.97152,                0.76573,                0.47472,                0.55692,                0.29982,                 1.9213,                 1.4759,                 1.6248,              0.0001585,              0.0001585,              0.0001585
                     85,                0.94086,                0.78571,                 1.0211,                0.68432,                0.46232,                0.52958,                0.28142,                 1.9717,                 1.5368,                 1.6683,             0.00015968,             0.00015968,             0.00015968
                     86,                0.94594,                0.79317,                0.97946,                0.67921,                 0.4921,                0.54896,                0.27723,                 1.9893,                 1.5161,                 1.7036,             0.00016084,             0.00016084,             0.00016084
                     87,                0.91118,                0.80083,                0.99882,                0.66233,                0.45807,                0.51619,                0.27713,                 1.9568,                 1.4762,                 1.7148,             0.00016199,             0.00016199,             0.00016199
                     88,                0.91432,                0.72638,                0.98846,                0.69087,                0.43835,                0.51971,                0.28022,                 1.9469,                 1.4434,                  1.734,             0.00016312,             0.00016312,             0.00016312
                     89,                0.92228,                0.76277,                0.96271,                0.74253,                0.44805,                0.53882,                0.28733,                 1.9933,                  1.449,                 1.7595,             0.00016423,             0.00016423,             0.00016423
                     90,                0.88814,                0.73836,                0.97387,                0.74542,                0.43764,                0.54211,                0.28792,                  1.981,                 1.4162,                 1.7424,             0.00016532,             0.00016532,             0.00016532
                     91,                0.90943,                0.73863,                0.97132,                0.72438,                0.43059,                0.53905,                0.28141,                 1.9772,                 1.3948,                 1.7337,              0.0001664,              0.0001664,              0.0001664
                     92,                0.87485,                0.69975,                0.94629,                0.71351,                0.43101,                0.53952,                0.28454,                  1.944,                 1.3785,                 1.7095,             0.00016746,             0.00016746,             0.00016746
                     93,                  0.904,                0.75756,                 1.0009,                0.69063,                0.42726,                0.53131,                0.28015,                 1.9576,                 1.3871,                 1.7009,              0.0001685,              0.0001685,              0.0001685
                     94,                0.88583,                0.72981,                0.96154,                0.65718,                0.45636,                0.54427,                0.28074,                 1.9814,                 1.3901,                 1.7001,             0.00016953,             0.00016953,             0.00016953
                     95,                0.92171,                0.76216,                0.96926,                0.69541,                0.46367,                0.55562,                0.28173,                 1.9935,                 1.3675,                 1.7226,             0.00017053,             0.00017053,             0.00017053
                     96,                0.91114,                0.76068,                0.94044,                0.77808,                0.47667,                0.58711,                0.28504,                  1.985,                 1.3524,                  1.721,             0.00017152,             0.00017152,             0.00017152
                     97,                 0.8621,                0.69369,                0.94692,                0.70992,                0.48829,                0.58078,                0.28905,                 1.9522,                 1.3174,                 1.7134,             0.00017249,             0.00017249,             0.00017249
                     98,                0.88193,                 0.6963,                0.94152,                0.67269,                0.47834,                0.56963,                 0.2966,                 1.9539,                 1.3131,                 1.7372,             0.00017345,             0.00017345,             0.00017345
                     99,                0.85284,                0.69279,                0.94739,                0.70259,                0.51618,                0.58353,                0.29165,                 1.9538,                 1.3056,                 1.7652,             0.00017439,             0.00017439,             0.00017439
                    100,                 0.8396,                0.70562,                0.95528,                0.70379,                0.49473,                0.57603,                0.29554,                 1.9498,                 1.3045,                  1.757,             0.00017531,             0.00017531,             0.00017531
                    101,                0.82649,                0.65137,                0.95227,                0.72789,                0.51353,                0.60324,                0.30845,                 1.9451,                 1.3206,                 1.7185,             0.00017621,             0.00017621,             0.00017621
                    102,                0.86254,                0.71982,                0.97183,                0.72198,                0.54451,                0.62842,                0.31087,                 1.9507,                 1.3405,                 1.7013,             0.00017621,             0.00017621,             0.00017621
                    103,                0.81511,                0.65848,                0.93873,                0.80276,                 0.5426,                0.66783,                0.31266,                 1.9464,                 1.3257,                 1.7151,             0.00017534,             0.00017534,             0.00017534
                    104,                0.83093,                0.63993,                 0.9457,                 0.7692,                0.49432,                0.64236,                0.31726,                 1.9395,                  1.306,                 1.7299,             0.00017447,             0.00017447,             0.00017447
                    105,                0.78692,                0.62531,                0.94071,                 0.7914,                0.48526,                0.63381,                0.31778,                 1.9154,                 1.2963,                 1.7072,             0.00017361,             0.00017361,             0.00017361
                    106,                0.77537,                 0.6328,                0.94108,                0.75808,                0.49898,                0.62326,                0.31735,                 1.9357,                 1.2851,                 1.7336,             0.00017274,             0.00017274,             0.00017274
                    107,                 0.8375,                0.66364,                 0.9254,                0.75568,                0.52756,                0.64148,                 0.3354,                  1.921,                 1.2584,                 1.7125,             0.00017187,             0.00017187,             0.00017187
                    108,                0.82284,                0.66942,                0.95308,                0.76436,                0.53532,                0.65979,                 0.3425,                 1.8945,                 1.2494,                  1.685,               0.000171,               0.000171,               0.000171
                    109,                0.81015,                0.64204,                0.95289,                0.76214,                0.54696,                0.65329,                0.33735,                 1.9063,                 1.2591,                  1.706,             0.00017013,             0.00017013,             0.00017013
                    110,                0.82028,                0.62718,                 0.9326,                0.75934,                0.53478,                0.63093,                0.33211,                 1.8965,                 1.2728,                 1.7085,             0.00016927,             0.00016927,             0.00016927
                    111,                0.82359,                0.65625,                0.94973,                0.77629,                0.55162,                0.64427,                0.33204,                 1.8867,                 1.2368,                 1.7017,              0.0001684,              0.0001684,              0.0001684
                    112,                0.79003,                0.62061,                0.91808,                0.76753,                0.59064,                0.66555,                0.33782,                 1.8684,                 1.2307,                 1.6732,             0.00016753,             0.00016753,             0.00016753
                    113,                0.82284,                0.63512,                0.95744,                0.79679,                0.56686,                0.66163,                0.34188,                 1.8745,                 1.2259,                 1.6945,             0.00016666,             0.00016666,             0.00016666
                    114,                0.81072,                0.61898,                0.92856,                0.77404,                0.55802,                0.65426,                0.33719,                 1.8964,                 1.2251,                  1.725,              0.0001658,              0.0001658,              0.0001658
                    115,                0.80116,                0.62988,                0.92952,                0.75362,                0.55602,                0.64605,                0.32404,                 1.9369,                  1.249,                 1.7365,             0.00016493,             0.00016493,             0.00016493
                    116,                0.79722,                0.61945,                0.93055,                0.77594,                 0.5707,                0.65811,                0.33108,                 1.9181,                 1.2459,                 1.7065,             0.00016406,             0.00016406,             0.00016406
                    117,                0.78027,                0.62837,                0.95086,                0.77248,                0.62109,                0.69405,                 0.3478,                 1.8977,                 1.2515,                 1.6604,             0.00016319,             0.00016319,             0.00016319
                    118,                0.74501,                0.60681,                 0.9148,                0.78609,                0.65956,                0.71822,                0.36838,                 1.8806,                 1.2581,                 1.6306,             0.00016232,             0.00016232,             0.00016232
                    119,                0.81996,                0.61918,                0.93005,                0.75642,                0.65814,                0.70869,                0.35288,                 1.8858,                 1.2618,                 1.6461,             0.00016146,             0.00016146,             0.00016146
                    120,                0.79678,                 0.6047,                 0.9436,                0.76257,                0.62629,                0.67465,                0.33998,                 1.9003,                 1.2544,                 1.7068,             0.00016059,             0.00016059,             0.00016059
                    121,                0.77633,                0.59766,                0.92667,                0.76253,                0.61026,                 0.6519,                0.33301,                 1.9278,                 1.2692,                 1.7753,             0.00015972,             0.00015972,             0.00015972
                    122,                0.72753,                0.56003,                0.90987,                0.69833,                0.58967,                0.61766,                 0.3217,                 1.9388,                 1.2866,                 1.8264,             0.00015885,             0.00015885,             0.00015885
                    123,                0.76167,                0.60941,                0.94092,                0.69754,                0.57966,                0.61128,                0.32233,                 1.9265,                 1.3098,                 1.8205,             0.00015798,             0.00015798,             0.00015798
                    124,                0.75328,                0.57205,                0.92681,                0.69174,                0.55108,                0.60587,                0.32042,                 1.9381,                 1.3285,                 1.8185,             0.00015712,             0.00015712,             0.00015712
                    125,                0.76308,                0.57986,                0.91375,                0.72413,                0.51022,                0.61377,                  0.311,                 1.9413,                 1.3454,                 1.7974,             0.00015625,             0.00015625,             0.00015625
                    126,                0.69992,                0.55694,                0.90369,                0.75787,                0.46941,                0.59154,                0.30375,                 1.9521,                   1.37,                 1.8152,             0.00015538,             0.00015538,             0.00015538
                    127,                0.68596,                0.54595,                0.91151,                0.70083,                0.49061,                0.58499,                 0.3055,                 1.9692,                 1.3845,                  1.844,             0.00015451,             0.00015451,             0.00015451
                    128,                0.75645,                0.58017,                0.94873,                0.67692,                0.46735,                0.55309,                0.28595,                 2.0085,                 1.4029,                  1.888,             0.00015364,             0.00015364,             0.00015364
                    129,                0.72729,                0.57015,                0.92052,                0.70644,                0.46754,                0.56209,                 0.2908,                 1.9974,                 1.4097,                 1.8772,             0.00015278,             0.00015278,             0.00015278
                    130,                0.75121,                0.56449,                0.91317,                0.75264,                0.48349,                0.59355,                0.30271,                 1.9377,                    1.4,                 1.8108,             0.00015191,             0.00015191,             0.00015191
                    131,                0.75934,                0.58243,                0.92222,                0.75144,                0.50786,                0.61028,                0.31171,                 1.9233,                 1.3796,                 1.7924,             0.00015104,             0.00015104,             0.00015104
                    132,                0.75969,                0.58788,                0.92728,                0.74087,                0.51341,                0.61718,                0.31136,                 1.9511,                 1.3643,                 1.8381,             0.00015017,             0.00015017,             0.00015017
                    133,                0.69034,                0.53414,                0.89748,                0.71214,                0.51228,                0.61052,                0.30512,                 1.9851,                 1.3641,                 1.8972,             0.00014931,             0.00014931,             0.00014931
                    134,                0.72493,                  0.535,                0.90052,                0.69077,                0.54174,                0.61303,                0.31305,                 1.9621,                 1.3615,                 1.8927,             0.00014844,             0.00014844,             0.00014844
                    135,                0.68587,                0.53387,                0.90919,                0.67385,                0.54942,                0.60323,                 0.3103,                 1.9435,                 1.3749,                 1.8782,             0.00014757,             0.00014757,             0.00014757
                    136,                0.66748,                0.53381,                0.90128,                0.68319,                0.56503,                0.61083,                0.31123,                 1.9413,                 1.3641,                 1.8535,              0.0001467,              0.0001467,              0.0001467
                    137,                0.70238,                0.53846,                0.91784,                0.65562,                0.53419,                0.60691,                0.31063,                  1.962,                 1.3732,                 1.8655,             0.00014583,             0.00014583,             0.00014583
                    138,                0.68961,                 0.5355,                0.89446,                0.76402,                0.48525,                0.62065,                0.30684,                  1.982,                 1.3871,                 1.8771,             0.00014497,             0.00014497,             0.00014497
                    139,                0.69688,                0.53151,                0.89619,                0.64072,                0.58431,                0.62994,                0.31085,                 1.9758,                 1.3866,                  1.875,              0.0001441,              0.0001441,              0.0001441
                    140,                0.68821,                0.53243,                0.90711,                0.62364,                0.55741,                0.59515,                0.30188,                 1.9429,                 1.3903,                  1.846,             0.00014323,             0.00014323,             0.00014323
                    141,                0.69359,                0.52465,                0.89809,                0.64046,                0.55359,                0.59276,                0.29961,                 1.9315,                 1.3822,                 1.8149,             0.00014236,             0.00014236,             0.00014236
                    142,                0.69661,                0.54523,                0.89472,                0.70286,                0.54044,                0.61193,                 0.3021,                 1.9193,                  1.367,                 1.7746,             0.00014149,             0.00014149,             0.00014149
                    143,                0.70676,                0.52368,                0.89105,                0.74371,                0.54932,                0.63033,                0.29971,                 1.9209,                 1.3472,                 1.7605,             0.00014063,             0.00014063,             0.00014063
                    144,                0.71521,                0.51554,                0.90733,                0.73369,                0.53554,                0.61324,                0.29872,                 1.9283,                 1.3305,                 1.7812,             0.00013976,             0.00013976,             0.00013976
                    145,                0.70454,                0.50717,                0.89828,                0.73104,                0.53651,                0.59982,                0.30525,                 1.9391,                 1.3042,                 1.8186,             0.00013889,             0.00013889,             0.00013889
                    146,                0.67187,                0.52522,                0.88839,                0.72598,                0.51727,                0.59623,                0.30408,                 1.9385,                 1.2943,                 1.8446,             0.00013802,             0.00013802,             0.00013802
                    147,                0.63698,                0.51085,                0.90283,                0.70713,                0.51145,                0.59103,                0.30247,                 1.9259,                  1.307,                 1.8343,             0.00013715,             0.00013715,             0.00013715
                    148,                0.70168,                0.51925,                0.90179,                0.71174,                0.53227,                0.61794,                0.31106,                 1.9239,                 1.3095,                 1.8214,             0.00013629,             0.00013629,             0.00013629
                    149,                 0.7016,                0.52244,                0.88852,                0.78908,                0.57215,                0.66812,                0.32072,                 1.9189,                 1.3002,                 1.7995,             0.00013542,             0.00013542,             0.00013542
                    150,                0.67518,                0.51223,                0.90342,                 0.7748,                 0.5638,                0.65496,                 0.3159,                 1.9181,                 1.2926,                 1.8065,             0.00013455,             0.00013455,             0.00013455
                    151,                0.70057,                0.53408,                0.89164,                0.76579,                0.58096,                 0.6632,                0.31631,                 1.9186,                 1.2747,                 1.8256,             0.00013368,             0.00013368,             0.00013368
                    152,                0.68436,                0.49931,                0.87441,                0.74978,                0.58601,                0.64956,                0.31551,                 1.9243,                  1.267,                 1.8415,             0.00013281,             0.00013281,             0.00013281
                    153,                0.66105,                0.50419,                0.88747,                0.76008,                0.56686,                0.63915,                0.31633,                 1.9124,                 1.2825,                 1.8361,             0.00013195,             0.00013195,             0.00013195
                    154,                0.67431,                0.50079,                0.90205,                 0.7225,                0.54176,                0.61572,                0.31987,                 1.8752,                 1.3048,                 1.8161,             0.00013108,             0.00013108,             0.00013108
                    155,                0.64521,                0.49741,                0.89189,                0.71167,                 0.5437,                0.60987,                0.33042,                  1.843,                 1.3064,                 1.7859,             0.00013021,             0.00013021,             0.00013021
                    156,                 0.7718,                0.57282,                0.91847,                0.71311,                0.56201,                0.62226,                0.33354,                 1.8393,                 1.2986,                 1.7652,             0.00012934,             0.00012934,             0.00012934
